location_name,dataset,outcome,latitude,longitude,crashes_150m,injuries_150m,ped_injuries_150m,fatalities_150m
62 Avenue,SRTS,denied,40.713843,-73.900939,71,86,18,1
Metropolitan Avenue & Aubrey Avenue,Signal Study,denied,40.711994,-73.86073,66,101,4,0
Metropolitan Avenue & Aubrey Avenue,Signal Study,denied,40.711994,-73.86073,66,101,4,0
Aubrey Avenue & Metropolitan Avenue,Signal Study,denied,40.711994,-73.86073,66,101,4,0
Metropolitan Avenue & Aubrey Avenue,Signal Study,denied,40.711994,-73.86073,66,101,4,0
Onderdonk Avenue,SRTS,denied,40.700718,-73.901694,62,82,19,0
62 Road,SRTS,denied,40.713173,-73.900749,62,69,17,0
61 Street & Metropolitan Avenue,Signal Study,denied,40.712757,-73.90225,59,70,17,0
Fresh Pond Road & Metropolitan Avenue,Signal Study,denied,40.712696,-73.900604,57,64,17,0
Cypress Avenue,SRTS,denied,40.693843,-73.896912,57,72,13,0
Fresh Pond Road & Metropolitan Avenue,Signal Study,denied,40.712696,-73.900604,57,64,17,0
Onderdonk Avenue,SRTS,denied,40.701229,-73.902559,57,67,15,0
69 Avenue & Onderdonk Avenue,Signal Study,denied,40.70123,-73.902565,57,67,15,0
Fresh Pond Road & Metropolitan Avenue,Signal Study,denied,40.712696,-73.900604,57,64,17,0
69 Avenue,SRTS,denied,40.701229,-73.902559,57,67,15,0
Seneca Avenue & Catalpa Avenue,Signal Study,denied,40.700737,-73.9042,56,67,18,0
Cypress Avenue & Cooper Avenue,Signal Study,denied,40.694107,-73.89737,55,70,12,0
Seneca Avenue & Weirfield Street,Signal Study,approved,40.700005,-73.90296,55,73,13,0
Cooper Avenue & Cypress Avenue,Signal Study,denied,40.694107,-73.89737,55,70,12,0
Cypress Avenue & Cooper Avenue,Signal Study,denied,40.694107,-73.89737,55,70,12,0
Cypress Avenue,SRTS,denied,40.69411,-73.897362,55,70,12,0
Cooper Avenue & Cypress Avenue,Signal Study,denied,40.694107,-73.89737,55,70,12,0
Cypress Avenue & Cooper Avenue,Signal Study,denied,40.694107,-73.89737,55,70,12,0
Metropolitan Avenue & 60 Street,Signal Study,denied,40.7129023175027,-73.906077007385,54,64,19,0
Fresh Pond Road & Bleecker Street,Signal Study,denied,40.711903,-73.90019,54,64,16,0
Fresh Pond Road & Bleecker Street,Signal Study,denied,40.711903,-73.90019,54,64,16,0
Metropolitan Avenue & Forest Avenue,Signal Study,denied,40.712902,-73.90608,54,64,19,0
Metropolitan Avenue & Forest Avenue,Signal Study,denied,40.712902,-73.90608,54,64,19,0
Metropolitan Avenue & Forest Avenue,Signal Study,denied,40.712902,-73.90608,54,64,19,0
Metropolitan Avenue & Forest Avenue,Signal Study,denied,40.712902,-73.90608,54,64,19,0
Bleecker Street & Fresh Pond Road,Signal Study,denied,40.711903,-73.90019,54,64,16,0
Metropolitan Avenue & Forest Avenue,Signal Study,denied,40.712902,-73.90608,54,64,19,0
Forest Avenue & Metropolitan Avenue,Signal Study,denied,40.712902,-73.90608,54,64,19,0
Cypress Avenue & Vermont Place,Signal Study,denied,40.691433,-73.89063,52,75,1,0
59 Street,SRTS,denied,40.694477,-73.896464,52,66,12,0
Vermont Place & Cypress Avenue,Signal Study,denied,40.691433,-73.89063,52,75,1,0
Cypress Avenue & Putnam Avenue,Signal Study,denied,40.700367,-73.906624,51,55,13,0
Myrtle Avenue & Hancock Street,Signal Study,denied,40.70041,-73.90368,49,60,15,0
Myrtle Avenue & Seneca Avenue,Signal Study,denied,40.70041,-73.90368,49,60,15,0
Myrtle Avenue & Seneca Avenue,Signal Study,denied,40.70041,-73.90368,49,60,15,0
Forest Avenue & Greene Avenue,Signal Study,denied,40.71184,-73.905594,48,55,17,0
61 Street,SRTS,denied,40.721031,-73.904096,48,54,14,0
Perry Avenue & Hamilton Place,Signal Study,denied,40.724888,-73.89899,47,61,5,0
Myrtle Avenue & Forest Avenue,Signal Study,denied,40.700497,-73.90021,46,56,20,0
Flushing Avenue,SRTS,denied,40.721629,-73.903117,46,48,11,0
Fresh Pond Road,SRTS,denied,40.721629,-73.903117,46,48,11,0
Metropolitan Avenue & Woodhaven Boulevard,Signal Study,denied,40.711845,-73.859764,46,69,3,0
Maurice Avenue & Borden Avenue,Signal Study,denied,40.727733,-73.906731,45,68,1,0
Maurice Avenue & Borden Avenue,Signal Study,denied,40.727733,-73.906731,45,68,1,0
Borden Avenue & Maurice Avenue,Signal Study,denied,40.727733,-73.906731,45,68,1,0
Metropolitan Avenue & Himrod Street,Signal Study,denied,40.712948,-73.90693,44,53,14,0
Cornelia Street,SRTS,denied,40.701055,-73.904727,44,49,14,0
Grand Avenue & Hamilton Place,Signal Study,denied,40.72428,-73.898445,44,58,6,0
62 Road,SRTS,denied,40.713366,-73.899421,43,49,12,0
63 Street,SRTS,denied,40.722144,-73.902269,41,45,7,0
Onderdonk Avenue,SRTS,denied,40.701457,-73.902948,41,47,12,0
64 Street,SRTS,denied,40.723431,-73.901823,41,44,5,0
Maspeth Avenue & Grand Avenue,Signal Study,denied,40.7228,-73.90182,40,42,4,0
62 Avenue,SRTS,denied,40.713614,-73.90683,39,48,14,0
Linden Street,SRTS,denied,40.709682,-73.898904,39,45,5,0
Myrtle Avenue,SRTS,denied,40.70052,-73.897962,39,50,16,0
Myrtle Avenue & Summerfield Street,Signal Study,denied,40.70052,-73.897962,39,50,16,0
Myrtle Avenue & Norman Street,Signal Study,denied,40.700516,-73.89799,38,49,15,0
Eliot Avenue & 69 Street,Signal Study,denied,40.71946,-73.89117,38,50,12,0
Fresh Pond Road & Putnam Avenue,Signal Study,denied,40.706497,-73.89695,38,53,12,0
Eliot Avenue & 69 Street,Signal Study,denied,40.71946,-73.89117,38,50,12,0
69 Place,SRTS,denied,40.720156,-73.889663,37,49,10,0
Myrtle Avenue & St Nicholas Avenue,Signal Study,denied,40.69984,-73.90868,37,40,11,0
Myrtle Avenue & 64 Street,Signal Study,denied,40.700964,-73.89245299999999,37,44,11,0
Myrtle Avenue & St Nicholas Avenue,Signal Study,denied,40.69984,-73.90868,37,40,11,0
Myrtle Avenue & St Nicholas Avenue,Signal Study,denied,40.69984,-73.90868,37,40,11,0
64 Place & Central Avenue,Signal Study,denied,40.702126,-73.89164,36,44,8,0
Flushing Avenue & 60 Lane,Signal Study,approved,40.720604,-73.9047875,35,39,10,0
Myrtle Avenue,SRTS,denied,40.700517,-73.898348,35,45,15,0
Seneca Avenue & Centre Street,Signal Study,denied,40.699585,-73.902245,35,51,8,0
Cypress Hills Street,SRTS,denied,40.692317,-73.882678,35,49,2,0
Grand Avenue & Borden Avenue,Signal Study,denied,40.725635,-73.895856,34,43,6,0
Grand Avenue & Borden Avenue,Signal Study,denied,40.725635,-73.895856,34,43,6,0
69 Street & 60 Avenue,Signal Study,denied,40.72143,-73.892746,34,41,1,0
Cypress Hills Street & Fresh Pond Road,Signal Study,denied,40.70697661724096,-73.89780783898678,34,47,11,0
Grand Avenue & Borden Avenue,Signal Study,denied,40.725635,-73.895856,34,43,6,0
Eliot Avenue & Fresh Pond Road,Signal Study,denied,40.714622,-73.90117,33,42,7,1
Cypress Hills Street,SRTS,denied,40.701103,-73.890867,33,38,9,0
Woodhaven Boulevard & Union Turnpike,Signal Study,denied,40.70559,-73.85823,33,44,3,0
Woodhaven Boulevard & Union Turnpike,Signal Study,denied,40.70559,-73.85823,33,44,3,0
Myrtle Avenue & Cypress Hills Street,Signal Study,denied,40.701103,-73.89088,33,38,9,0
Myrtle Avenue,SRTS,denied,40.701103,-73.890867,33,38,9,0
Myrtle Avenue & Cypress Hills Street,Signal Study,denied,40.701103,-73.89088,33,38,9,0
Eliot Avenue & Fresh Pond Road,Signal Study,denied,40.714622,-73.90117,33,42,7,1
Brown Place,SRTS,denied,40.725111,-73.896052,33,43,5,0
Cypress Hills Street,SRTS,denied,40.701103,-73.890867,33,38,9,0
Fresh Pond Road & Eliot Avenue,Signal Study,denied,40.714622,-73.90117,33,42,7,1
64 Street,SRTS,denied,40.723535,-73.901827,32,34,5,0
69 Street,SRTS,denied,40.720213,-73.89177,31,39,9,0
69 Street & 60 Drive,Signal Study,denied,40.72021,-73.89178,31,39,9,0
Palmetto Street,SRTS,denied,40.708403,-73.898004,31,40,4,0
Woodhaven Boulevard & 81 Road,Signal Study,denied,40.70456,-73.856735,31,42,0,0
Palmetto Street & Fresh Pond Road,Signal Study,denied,40.7084,-73.89801,31,40,4,0
Cooper Avenue,SRTS,denied,40.701281,-73.881677,30,35,7,0
68 Street,SRTS,denied,40.721,-73.893688,30,36,0,0
Putnam Avenue,SRTS,denied,40.706245,-73.898,29,38,12,0
81 Street,SRTS,denied,40.725396,-73.878369,29,36,13,0
Woodbine Street & 64 Street,Signal Study,denied,40.70776,-73.897565,29,42,7,0
Cooper Avenue & 70 Street,Signal Study,denied,40.70171,-73.88091,29,35,11,0
Eliot Avenue,SRTS,denied,40.718987,-73.892129,29,38,9,0
Myrtle Avenue & Central Avenue,Signal Study,denied,40.70086,-73.893845,29,36,7,0
Woodbine Street,SRTS,denied,40.70776,-73.897565,29,42,7,0
Metropolitan Avenue & 80 Street,Signal Study,denied,40.713287,-73.87163,29,32,5,0
Otto Road,SRTS,denied,40.701863,-73.892716,29,35,8,0
Woodbine Street,SRTS,denied,40.700169,-73.909204,29,31,7,0
Central Avenue & Cypress Hills Street,Signal Study,denied,40.701862,-73.89272,29,35,8,0
Putnam Avenue,SRTS,denied,40.706245,-73.898,29,38,12,0
74 Street,SRTS,denied,40.713215,-73.878583,29,40,14,0
Myrtle Avenue,SRTS,denied,40.701149,-73.890247,29,35,10,0
68 Avenue,SRTS,denied,40.703665,-73.901513,28,31,8,0
68 Street,SRTS,denied,40.719764,-73.892734,28,35,8,0
Gates Avenue,SRTS,denied,40.70904,-73.898454,28,33,4,0
68 Avenue & Forest Avenue,Signal Study,denied,40.703663,-73.90152,28,31,8,0
69 Street & 59 Drive,Signal Study,denied,40.72203,-73.89322,28,33,0,0
Metropolitan Avenue & 74 Street,Signal Study,denied,40.71283,-73.878296,28,39,14,0
Myrtle Avenue & Fresh Pond Road,Signal Study,denied,40.700798,-73.894585,28,34,6,0
Metropolitan Avenue & Tonsor Street,Signal Study,denied,40.71306,-73.90879,28,36,3,0
Linden Street & Onderdonk Avenue,Signal Study,approved,40.704594,-73.90826,28,41,6,0
81 Street,SRTS,denied,40.725728,-73.878636,28,38,12,0
Cooper Avenue & Metropolitan Avenue,Signal Study,denied,40.7122,-73.86208,28,44,2,0
Forest Avenue,SRTS,denied,40.703665,-73.901513,28,31,8,0
Cooper Avenue & Metropolitan Avenue,Signal Study,denied,40.7122,-73.86208,28,44,2,0
Gates Avenue,SRTS,denied,40.70904,-73.898454,28,33,4,0
71 Place & Cooper Avenue,Signal Study,denied,40.702625,-73.8794,28,38,9,0
68 Street,SRTS,denied,40.721604,-73.89416,28,33,0,0
Myrtle Avenue,SRTS,denied,40.700617,-73.896721,28,35,7,0
Fresh Pond Road & Myrtle Avenue,Signal Study,denied,40.700798,-73.894585,28,34,6,0
Grove Street,SRTS,denied,40.710095,-73.900281,27,32,3,0
Myrtle Avenue,SRTS,denied,40.700653,-73.89627,27,32,6,0
Eliot Avenue,SRTS,denied,40.718806,-73.892512,27,44,6,0
Myrtle Avenue & 60 Lane,Signal Study,denied,40.700653,-73.89628,27,32,6,0
Myrtle Avenue,SRTS,denied,40.700666,-73.896097,27,32,8,0
Linden Street,SRTS,denied,40.704593,-73.908246,26,39,5,0
Cypress Avenue,SRTS,denied,40.702124,-73.909583,26,30,5,0
Queens Midtown Expressway Sr S,SRTS,denied,40.725458,-73.899966,26,31,3,0
Caldwell Avenue & Eliot Avenue,Signal Study,denied,40.7252623621263,-73.8797865999895,26,36,11,0
79 Street,SRTS,denied,40.724626,-73.880027,26,36,10,0
Linden Street,SRTS,denied,40.704593,-73.908246,26,39,5,0
Woodward Avenue,SRTS,denied,40.704112,-73.904358,25,28,10,0
Metropolitan Avenue & 75 Street,Signal Study,denied,40.712887,-73.877716,25,35,13,0
60 Road & 69 Street,Signal Study,denied,40.72082,-73.892265,25,32,2,0
Woodward Avenue,SRTS,denied,40.703538,-73.903382,25,28,8,0
Fresh Pond Road & 67 Avenue,Signal Study,denied,40.705765,-73.896576,25,27,11,0
69 Street,SRTS,denied,40.720823,-73.892256,25,32,2,0
Woodward Avenue,SRTS,denied,40.703538,-73.903382,25,28,8,0
Cooper Avenue & Woodhaven Boulevard,Signal Study,denied,40.713057975976746,-73.86204125524468,25,41,1,0
68 Street,SRTS,denied,40.720382,-73.893216,25,32,2,0
Woodward Avenue,SRTS,denied,40.704112,-73.904358,25,28,10,0
68 Street,SRTS,denied,40.720382,-73.893216,25,32,2,0
Fresh Pond Road & 67 Avenue,Signal Study,denied,40.705765,-73.896576,25,27,11,0
69 Street & 60 Road,Signal Study,denied,40.72082,-73.892265,25,32,2,0
69 Street & Cooper Avenue,Signal Study,denied,40.70086,-73.882454,24,29,6,0
64 Place & 74 Avenue,Signal Study,denied,40.700333,-73.89145,24,27,9,0
Cooper Avenue,SRTS,denied,40.700862,-73.88245,24,29,6,0
64 Lane,SRTS,denied,40.700417,-73.890497,24,29,10,0
Catalpa Avenue,SRTS,denied,40.702337,-73.901367,24,28,5,0
Queens Midtown Expressway Sr S,SRTS,denied,40.725424,-73.899508,24,29,3,0
Woodward Avenue & Catalpa Avenue,Signal Study,denied,40.702335,-73.901375,24,28,5,0
Forest Avenue & Norman Street,Signal Study,denied,40.69966,-73.8988,24,33,10,0
69 Street & 55 Avenue,Signal Study,denied,40.727787,-73.89551,24,28,5,0
Cornelia Street,SRTS,denied,40.701963,-73.903802,24,25,8,0
Borden Avenue & Hamilton Place,Signal Study,denied,40.72616,-73.90012,24,28,3,0
Onderdonk Avenue,SRTS,denied,40.701963,-73.903802,24,25,8,0
Woodward Avenue,SRTS,approved,40.702664,-73.901897,23,28,4,0
Metropolitan Avenue & 73 Place,Signal Study,denied,40.712727,-73.87935,23,28,12,0
Metropolitan Avenue & 73 Place,Signal Study,denied,40.712727,-73.87935,23,28,12,0
Forest Avenue,SRTS,denied,40.703215,-73.901323,23,26,7,0
Woodhaven Boulevard & 62 Road,Signal Study,denied,40.726185,-73.87022,23,34,5,0
Fairview Avenue,SRTS,denied,40.704608,-73.902291,23,28,7,0
73 Place,SRTS,denied,40.712727,-73.879341,23,28,12,0
Myrtle Avenue & 61 Street,Signal Study,denied,40.700826,-73.894236,22,25,6,0
Catalpa Avenue,SRTS,denied,40.702449,-73.900985,22,26,3,0
Myrtle Avenue & 62 Street,Signal Study,denied,40.70089,-73.89336,22,26,7,0
67 Avenue & Forest Avenue,Signal Study,denied,40.704384,-73.90182250000001,22,27,6,0
Seneca Avenue & Greene Avenue,Signal Study,denied,40.705437,-73.91214,22,30,4,0
Myrtle Avenue & 62 Street,Signal Study,denied,40.70089,-73.89336,22,26,7,0
61 Street,SRTS,denied,40.700826,-73.894236,22,25,6,0
61 Street & 60 Lane,Signal Study,denied,40.700826,-73.894236,22,25,6,0
Forest Avenue & Catalpa Avenue,Signal Study,denied,40.702446,-73.90099,22,26,3,0
Putnam Avenue & Woodward Avenue,Signal Study,denied,40.703537,-73.90339,22,25,8,0
61 Road,SRTS,denied,40.727379,-73.872564,22,24,10,1
Cornelia Street & Forest Avenue,Signal Study,denied,40.70405,-73.90168,22,27,6,0
Forest Avenue & 67 Avenue,Signal Study,denied,40.704384,-73.90182250000001,22,27,6,0
Metropolitan Avenue & 69 Street,Signal Study,denied,40.712204,-73.88638,21,24,6,0
Woodward Avenue,SRTS,denied,40.704849,-73.905609,21,23,9,0
Myrtle Avenue & 72 Street,Signal Study,denied,40.702145,-73.87826,21,30,5,0
86 Street & Eliot Avenue,Signal Study,denied,40.72911,-73.87161,21,26,4,1
Cooper Avenue & 72 Street,Signal Study,denied,40.70307,-73.87864,21,29,3,0
62 Street & 68 Avenue,Signal Study,approved,40.705513,-73.89538,21,23,9,0
Woodward Avenue,SRTS,denied,40.705286,-73.906351,21,23,8,0
Gates Avenue,SRTS,denied,40.705286,-73.906351,21,23,8,0
Woodward Avenue & Palmetto Street,Signal Study,approved,40.70485,-73.90562,21,23,9,0
Myrtle Avenue & 72 Street,Signal Study,denied,40.702145,-73.87826,21,30,5,0
Woodward Avenue & Gates Avenue,Signal Study,approved,40.705284,-73.90636,21,23,8,0
Woodward Avenue,SRTS,denied,40.703975,-73.904124,21,24,9,0
Woodward Avenue,SRTS,denied,40.703101,-73.902639,21,24,9,0
Metropolitan Avenue & 69 Street,Signal Study,denied,40.712204,-73.88638,21,24,6,0
Cornelia Street & Woodward Avenue,Signal Study,denied,40.7031,-73.90264,21,24,9,0
69 Place,SRTS,denied,40.722123,-73.89124,21,26,2,0
Forest Avenue & Summerfield Street,Signal Study,denied,40.69923,-73.89807,21,25,4,0
Jay Avenue & 65 Place,Signal Study,denied,40.7267,-73.90034,21,26,3,0
Onderdonk Avenue & Menahan Street,Signal Study,denied,40.705467,-73.90974,21,25,2,0
Woodward Avenue,SRTS,denied,40.703975,-73.904124,21,24,9,0
68 Avenue & 62 Street,Signal Study,denied,40.705513,-73.89538,21,23,9,0
Woodward Avenue,SRTS,denied,40.704849,-73.905609,21,23,9,0
70 Avenue,SRTS,denied,40.701539,-73.898855,20,26,9,0
69 Street & 59 Road,Signal Study,denied,40.722622,-73.89368,20,25,2,0
65 Place,SRTS,denied,40.726701,-73.900328,20,24,3,0
81 Avenue,SRTS,denied,40.70327,-73.861422,20,27,1,0
Grove Street,SRTS,denied,40.70913,-73.904351,20,29,5,0
Juniper Valley Road & 79 Place,Signal Study,denied,40.71774,-73.87321,20,25,2,0
Forest Avenue & Grove Street,Signal Study,denied,40.70913,-73.90436,20,29,5,0
65 Place,SRTS,denied,40.726913,-73.900321,20,24,3,0
Cypress Hills Street & 70 Avenue,Signal Study,denied,40.702778,-73.89457,20,24,6,0
Queens Midtown Expressway Sr S,SRTS,denied,40.72553,-73.900987,20,25,3,0
79 Place,SRTS,denied,40.71774,-73.87321,20,25,2,0
80 Avenue,SRTS,denied,40.694743,-73.895789,20,21,5,0
73 Place,SRTS,denied,40.713655,-73.880032,20,25,7,0
Onderdonk Avenue & Himrod Street,Signal Study,denied,40.707222,-73.912695,19,28,4,0
73 Place,SRTS,denied,40.712027,-73.879216,19,23,13,0
Metropolitan Avenue & Woodward Avenue,Signal Study,denied,40.713816,-73.92084249999999,19,24,2,0
69 Road,SRTS,denied,40.709083,-73.873281,19,25,4,0
68 Street,SRTS,denied,40.722208,-73.894584,19,24,2,0
67 Road & 73 Place,Signal Study,denied,40.712025,-73.87923,19,23,13,0
Woodward Avenue,SRTS,denied,40.705723,-73.907093,19,20,8,0
Woodward Avenue,SRTS,denied,40.704409,-73.904866,19,22,6,0
Woodward Avenue,SRTS,denied,40.704409,-73.904866,19,22,6,0
Dry Harbor Road & 80 Street,Signal Study,denied,40.717827,-73.8724,18,23,2,0
Traffic Avenue,SRTS,denied,40.711225,-73.898631,18,21,2,0
Cypress Avenue,SRTS,denied,40.693195,-73.895744,18,19,3,0
Putnam Avenue,SRTS,denied,40.705148,-73.902121,18,21,6,0
Flushing Avenue & 53 Street,Signal Study,denied,40.714424,-73.914246,18,20,1,0
Andrews Avenue & 55 Street,Signal Study,denied,40.714363,-73.909614,18,26,2,0
60 Street & Bleecker Street,Signal Study,denied,40.710755,-73.90509199999998,18,27,4,0
69 Place,SRTS,denied,40.719502,-73.889156,18,26,3,0
Metropolitan Avenue & Flushing Avenue,Signal Study,denied,40.713295,-73.916238,18,22,0,0
Woodward Avenue & Bleecker Street,Signal Study,denied,40.70703,-73.909325,18,19,4,0
George Street,SRTS,denied,40.699161,-73.901523,18,29,4,0
61 Street,SRTS,denied,40.700508,-73.8942,18,19,5,0
Metropolitan Avenue & Flushing Avenue,Signal Study,denied,40.713295,-73.916238,18,22,0,0
Metropolitan Avenue & Flushing Avenue,Signal Study,denied,40.713295,-73.916238,18,22,0,0
Metropolitan Avenue & Flushing Avenue,Signal Study,denied,40.713295,-73.916238,18,22,0,0
Metropolitan Avenue & Flushing Avenue,Signal Study,denied,40.713295,-73.916238,18,22,0,0
80 Street,SRTS,denied,40.71879,-73.874218,18,21,3,0
Putnam Avenue,SRTS,denied,40.705148,-73.902121,18,21,6,0
Metropolitan Avenue & Flushing Avenue,Signal Study,denied,40.713295,-73.916238,18,22,0,0
Bleecker Street & Woodward Avenue,Signal Study,approved,40.70703,-73.909325,18,19,4,0
Metropolitan Avenue & Flushing Avenue,Signal Study,denied,40.713295,-73.916238,18,22,0,0
Cypress Avenue & Clover Place,Signal Study,denied,40.69319,-73.89575,18,19,3,0
Eliot Avenue & 69 Lane,Signal Study,denied,40.720535,-73.88885,18,26,3,0
Decatur Street,SRTS,denied,40.69622,-73.899869,18,23,6,0
69 Street,SRTS,denied,40.723921,-73.894336,18,25,2,0
Penelope Avenue & 80 Street,Signal Study,denied,40.719395,-73.87471,18,27,2,0
Fairview Avenue,SRTS,denied,40.705047,-73.90303,18,20,5,0
Grandview Avenue & Rene Court,Signal Study,denied,40.712215,-73.91116,17,22,2,0
Metropolitan Avenue & 65 Place,Signal Study,denied,40.71248,-73.895035,17,19,1,0
Metropolitan Avenue & 65 Lane,Signal Study,denied,40.71244,-73.894025,17,19,2,0
Rene Court,SRTS,denied,40.712215,-73.91116,17,22,2,0
Catalpa Avenue & 62 Street,Signal Study,approved,40.704178,-73.89481,17,18,6,0
62 Street,SRTS,denied,40.704181,-73.894808,17,18,6,0
Metropolitan Avenue & Grandview Avenue,Signal Study,denied,40.713333,-73.91305,17,20,1,0
Myrtle Avenue & 79 Lane,Signal Study,denied,40.702892,-73.86916,17,22,4,0
Grand Avenue & 72 Street,Signal Study,denied,40.72816,-73.891525,17,19,3,0
Metropolitan Avenue & 65 Lane,Signal Study,approved,40.71244,-73.894025,17,19,2,0
65 Street,SRTS,denied,40.716236,-73.897822,17,28,2,0
Grandview Avenue,SRTS,denied,40.712215,-73.91116,17,22,2,0
Grandview Avenue,SRTS,denied,40.713334,-73.913038,17,20,1,0
57 Avenue,SRTS,denied,40.728268,-73.890628,17,19,6,0
73 Avenue & Woodhaven Boulevard,Signal Study,denied,40.71042,-73.85964,17,21,0,0
65 Place,SRTS,denied,40.712479,-73.895025,17,19,1,0
Fairview Avenue,SRTS,denied,40.708555,-73.908961,16,19,5,0
Cypress Hills Street,SRTS,denied,40.700474,-73.889692,16,19,7,0
Onderdonk Avenue,SRTS,denied,40.7024,-73.904541,16,16,4,0
Putnam Avenue,SRTS,denied,40.7024,-73.904541,16,16,4,0
Central Avenue,SRTS,denied,40.702762,-73.888935,16,18,5,0
Starr Street,SRTS,denied,40.711404,-73.916749,16,20,1,0
Fairview Avenue & Greene Avenue,Signal Study,denied,40.708553,-73.908966,16,19,5,0
60 Street,SRTS,denied,40.725205,-73.906172,16,20,3,0
64 Street,SRTS,denied,40.699905,-73.892301,16,16,5,0
Cypress Hills Street,SRTS,denied,40.700474,-73.889692,16,19,7,0
Flushing Avenue & Onderdonk Avenue,Signal Study,denied,40.711452,-73.91987,16,21,1,0
66 Place,SRTS,denied,40.702972,-73.888043,16,22,5,0
Seneca Avenue & Stockholm Street,Signal Study,approved,40.70719,-73.91511,16,27,5,0
Cooper Avenue & 64 Lane,Signal Study,denied,40.698345,-73.890205,15,17,2,0
Mount Olivet Crescent,SRTS,denied,40.716384,-73.897501,15,20,2,0
82 Street,SRTS,denied,40.725752,-73.877557,15,18,7,0
Eliot Avenue,SRTS,denied,40.725752,-73.877557,15,18,7,0
70 Street,SRTS,denied,40.704405,-73.882011,15,15,3,1
Fresh Pond Road,SRTS,denied,40.71868,-73.902292,15,20,1,0
Wyckoff Avenue & Madison Street,Signal Study,denied,40.698677,-73.90954,15,15,5,0
Cooper Avenue & 65 Street,Signal Study,denied,40.69855,-73.8893,15,19,2,0
Cooper Avenue & 64 Street,Signal Study,denied,40.697933,-73.892006,15,22,2,0
70 Street & Central Avenue,Signal Study,denied,40.704403,-73.88202,15,15,3,1
Myrtle Avenue,SRTS,denied,40.701233,-73.889298,15,18,5,0
67 Avenue & 60 Street,Signal Study,denied,40.7046605130931,-73.9004080569593,15,17,6,0
60 Street & 67 Avenue,Signal Study,denied,40.7046605130931,-73.9004080569593,15,17,6,0
Eliot Avenue,SRTS,denied,40.716384,-73.897501,15,20,2,0
Fresh Pond Road,SRTS,denied,40.718276,-73.902184,15,20,1,0
Cypress Hills Street,SRTS,denied,40.700292,-73.889527,14,17,5,0
Fairview Avenue,SRTS,denied,40.708992,-73.9097,14,17,4,0
58 Avenue,SRTS,denied,40.721162,-73.906332,14,18,3,0
Fairview Avenue,SRTS,denied,40.709429,-73.910443,14,16,3,0
Flushing Avenue & 54 Street,Signal Study,denied,40.7148898460946,-73.91349073239209,14,24,2,0
Harman Street,SRTS,denied,40.708992,-73.9097,14,17,4,0
Eliot Avenue & 72 Street,Signal Study,denied,40.7216515,-73.88644199999999,14,21,2,0
68 Avenue,SRTS,denied,40.704068,-73.900113,14,16,4,0
69 Place & Caldwell Avenue,Signal Study,denied,40.72389,-73.892654,14,17,2,0
Cypress Hills Street,SRTS,denied,40.698858,-73.88818,14,19,1,0
68 Road & 60 Street,Signal Study,denied,40.704068,-73.900113,14,16,4,0
Flushing Avenue & 54 Street,Signal Study,denied,40.7148898460946,-73.91349073239209,14,24,2,0
56 Drive,SRTS,denied,40.723921,-73.907566,14,18,3,0
Norman Street,SRTS,denied,40.695117,-73.903217,14,15,7,0
Cooper Avenue & Cypress Hills Street,Signal Study,denied,40.698882550838,-73.8882054375238,14,19,1,0
Eliot Avenue & 74 Street,Signal Study,denied,40.72202,-73.88565,14,17,3,0
78 Avenue & 65 Street,Signal Study,denied,40.697551,-73.889899,13,15,2,0
Cypress Hills Street,SRTS,approved,40.698015,-73.887882,13,18,1,0
78 Avenue & 80 Street,Signal Study,denied,40.705376,-73.86861,13,16,3,0
Menahan Street,SRTS,denied,40.710851,-73.901268,13,16,5,0
Dry Harbor Road,SRTS,denied,40.72048,-73.873587,13,22,2,0
73 Street,SRTS,denied,40.705432,-73.877688,13,13,6,0
Eliot Avenue,SRTS,denied,40.727912,-73.873241,13,15,7,0
Central Avenue,SRTS,denied,40.705432,-73.877688,13,13,6,0
Eliot Avenue & Lutheran Avenue,Signal Study,denied,40.722525000000005,-73.884555,13,16,3,0
Central Avenue & 69 Place,Signal Study,denied,40.7042,-73.88288,13,13,3,1
73 Street,SRTS,denied,40.705432,-73.877688,13,13,6,0
Lutheran Avenue,SRTS,denied,40.722062,-73.884588,13,16,3,0
Lutheran Avenue,SRTS,denied,40.722525,-73.884551,13,16,3,0
69 Place,SRTS,denied,40.704202,-73.882873,13,13,3,1
Lutheran Avenue & Eliot Avenue,Signal Study,denied,40.722525000000005,-73.884555,13,16,3,0
Fresh Pond Road & Menahan Street,Signal Study,denied,40.710851,-73.901268,13,16,5,0
Summerfield Street,SRTS,denied,40.694694,-73.902511,13,14,7,0
75 Place & Juniper Boulevard North,Signal Study,denied,40.72167925541021,-73.88396912157482,13,16,3,0
70 Street,SRTS,denied,40.713293,-73.88514,12,19,1,0
60 Drive,SRTS,denied,40.728435,-73.873908,12,14,6,0
Grand Avenue & 74 Street,Signal Study,denied,40.7301969282631,-73.8875611761351,12,12,9,0
78 Avenue & 64 Place,Signal Study,denied,40.697346,-73.89081,12,18,1,0
Juniper Boulevard North,SRTS,denied,40.72175,-73.87545,12,16,3,1
59 Avenue,SRTS,denied,40.719408,-73.902496,12,13,0,0
58 Street,SRTS,denied,40.721636,-73.911988,12,14,1,0
64 Place,SRTS,denied,40.697348,-73.890797,12,18,1,0
Cooper Avenue,SRTS,denied,40.700476,-73.883431,12,14,3,0
Linden Street,SRTS,denied,40.707991,-73.904778,12,13,4,0
Seneca Avenue,SRTS,denied,40.707632,-73.915841,12,16,4,0
Cooper Avenue & 83 Street,Signal Study,denied,40.7104,-73.866625,12,16,3,1
Fresh Pond Road,SRTS,denied,40.719408,-73.902496,12,13,0,0
Metropolitan Avenue,SRTS,denied,40.712455,-73.882054,12,16,3,0
68 Street,SRTS,denied,40.722824,-73.894973,12,16,2,0
78 Avenue,SRTS,denied,40.695157,-73.898616,12,16,4,0
Fresh Pond Road & 59 Avenue,Signal Study,denied,40.719406,-73.902504,12,13,0,0
73 Place & Cooper Avenue,Signal Study,denied,40.70547251451677,-73.87649615255108,12,16,4,0
58 Street & 57 Drive,Signal Study,denied,40.721636,-73.91198799999998,12,14,1,0
Dekalb Avenue & Onderdonk Avenue,Signal Study,denied,40.707632,-73.915841,12,16,4,0
60 Street & 60 Avenue,Signal Study,approved,40.71642,-73.90618,12,13,5,0
Grand Avenue & 74 Street,Signal Study,denied,40.7301969282631,-73.8875611761351,12,12,9,0
Cooper Avenue & 68 Street,Signal Study,denied,40.700474,-73.88344,12,14,3,0
Myrtle Avenue & 72 Place,Signal Study,denied,40.70222,-73.87734,12,16,2,0
Grand Avenue & 74 Street,Signal Study,denied,40.7301969282631,-73.8875611761351,12,12,9,0
60 Street & 59 Road,Signal Study,denied,40.718044,-73.90655,12,16,2,0
Linden Street,SRTS,denied,40.708463,-73.904009,12,13,4,0
78 Avenue & 64 Place,Signal Study,denied,40.697346,-73.89081,12,18,1,0
78 Avenue,SRTS,denied,40.695157,-73.898616,12,16,4,0
Dekalb Avenue,SRTS,denied,40.707632,-73.915841,12,16,4,0
Myrtle Avenue & 73 Place,Signal Study,denied,40.702374,-73.87544,11,14,1,0
Grandview Avenue,SRTS,denied,40.708428,-73.905517,11,13,3,0
Fairview Avenue,SRTS,denied,40.708115,-73.908215,11,15,3,0
Fairview Avenue,SRTS,denied,40.706361,-73.905257,11,11,3,0
78 Avenue & 64 Street,Signal Study,denied,40.697144,-73.89169,11,18,0,0
Woodward Avenue,SRTS,denied,40.708345,-73.911548,11,11,2,0
Brown Place,SRTS,denied,40.724243,-73.895819,11,13,3,0
54 Street & Grand Avenue,Signal Study,denied,40.718555,-73.91518,11,15,0,0
Brown Place,SRTS,denied,40.723425,-73.895416,11,15,2,0
66 Drive & Pleasantview Street,Signal Study,denied,40.71343,-73.882295,11,15,3,0
68 Avenue & 80 Street,Signal Study,denied,40.711246,-73.87095,11,16,2,0
Himrod Street & Fairview Avenue,Signal Study,approved,40.708345,-73.91154799999998,11,11,2,0
Juniper Boulevard North,SRTS,denied,40.722007,-73.874555,11,19,1,0
Dry Harbor Road & 63 Avenue,Signal Study,denied,40.72219,-73.87417,11,19,1,0
60 Avenue,SRTS,denied,40.716893,-73.901797,11,17,2,0
Rust Street & Maspeth Avenue,Signal Study,approved,40.72205984333144,-73.91329813158207,11,13,1,0
Grand Avenue,SRTS,denied,40.719051,-73.913399,11,12,0,0
77 Avenue & 81 Street,Signal Study,denied,40.7066131053992,-73.8686363313541,11,11,4,0
56 Street & Grand Avenue,Signal Study,denied,40.719051,-73.913399,11,12,0,0
57 Road & 61 Street,Signal Study,denied,40.722599,-73.90456299999998,11,13,3,0
78 Avenue & 64 Street,Signal Study,denied,40.697144,-73.89169,11,18,0,0
Grandview Avenue & Grove Street,Signal Study,denied,40.708427,-73.905525,11,13,3,0
Grand Avenue,SRTS,denied,40.718556,-73.915167,11,15,0,0
60 Place,SRTS,denied,40.70898,-73.90183,11,11,2,0
Starr Street & Onderdonk Avenue,Signal Study,denied,40.71029,-73.91789,11,17,4,0
Grand Avenue,SRTS,denied,40.71881,-73.914265,11,15,0,0
58 Road,SRTS,denied,40.723425,-73.895416,11,15,2,0
77 Avenue,SRTS,denied,40.706613,-73.868636,11,11,4,0
Pleasant View Street,SRTS,denied,40.71343,-73.882294,11,15,3,0
Linden Street,SRTS,denied,40.70898,-73.90183,11,11,2,0
Onderdonk Avenue & Starr Street,Signal Study,approved,40.71029,-73.91789,11,17,4,0
Cooper Avenue & 65 Place,Signal Study,denied,40.699539,-73.888615,11,13,2,0
61 Street & 57 Road,Signal Study,denied,40.722599,-73.90456299999998,11,13,3,0
Myrtle Avenue & 81 Street,Signal Study,denied,40.7030515,-73.867253,11,13,3,0
Gates Avenue,SRTS,denied,40.706361,-73.905257,11,11,3,0
Starr Street,SRTS,denied,40.71029,-73.917883,11,17,4,0
Juniper Valley Road & 80 Street,Signal Study,denied,40.71599,-73.87209,11,14,1,0
72 Place,SRTS,denied,40.705225,-73.878565,11,11,3,0
60 Road & 60 Street,Signal Study,approved,40.71574,-73.90603,10,11,5,0
62 Street,SRTS,denied,40.733659,-73.900069,10,13,0,0
Flushing Avenue & 58 Drive,Signal Study,denied,40.719711,-73.908257,10,15,2,0
78 Avenue & 82 Street,Signal Study,denied,40.705519,-73.866878,10,13,3,0
Fairview Avenue & Linden Street,Signal Study,denied,40.7068,-73.906006,10,10,3,0
Woodbine Street,SRTS,denied,40.707013,-73.900661,10,11,2,0
77 Road & 80 Street,Signal Study,denied,40.70608,-73.86882,10,10,3,0
Forest Avenue & Madison Street,Signal Study,denied,40.705684,-73.902372,10,12,3,0
Forest Avenue & Putnam Avenue,Signal Study,denied,40.705684,-73.902372,10,12,3,0
Metropolitan Avenue,SRTS,denied,40.71223,-73.884352,10,13,2,0
60 Road & 60 Street,Signal Study,denied,40.71574,-73.90603,10,11,5,0
60 Street & 59 Avenue,Signal Study,denied,40.718796,-73.90671,10,15,1,0
58 Avenue,SRTS,denied,40.724068,-73.895776,10,12,2,0
Decatur Street & Forest Avenue,Signal Study,denied,40.698753,-73.89726,10,10,0,0
60 Place,SRTS,denied,40.707013,-73.900661,10,11,2,0
Fairview Avenue & Menahan Street,Signal Study,approved,40.707676,-73.907486,10,11,3,0
64 Street & 75 Avenue,Signal Study,denied,40.698814,-73.89215,10,13,2,0
Gates Avenue & 60 Place,Signal Study,denied,40.70832,-73.90144,10,10,2,0
Putnam Avenue & Forest Avenue,Signal Study,denied,40.705684,-73.902372,10,12,3,0
Fairview Avenue,SRTS,denied,40.705484,-73.903772,10,12,3,0
69 Lane,SRTS,denied,40.729098,-73.894505,10,13,4,0
Eliot Avenue,SRTS,denied,40.726354,-73.876297,10,12,4,0
Fairview Avenue,SRTS,denied,40.706798,-73.905995,10,10,3,0
Brown Place & 58 Avenue,Signal Study,denied,40.724068,-73.895776,10,12,2,0
60 Street,SRTS,denied,40.718796,-73.906707,10,15,1,0
60 Place,SRTS,denied,40.708323,-73.901438,10,10,2,0
59 Street & 59 Avenue,Signal Study,denied,40.719028,-73.908215,10,15,1,0
Gates Avenue,SRTS,denied,40.708323,-73.901438,10,10,2,0
Aubrey Avenue,SRTS,denied,40.710083,-73.864445,10,14,2,1
Brown Place,SRTS,denied,40.724068,-73.895776,10,12,2,0
62 Street,SRTS,denied,40.733659,-73.900069,10,13,0,0
75 Avenue,SRTS,denied,40.698739,-73.893042,10,13,1,0
Fairview Avenue,SRTS,denied,40.707678,-73.907477,10,11,3,0
Fairview Avenue,SRTS,denied,40.707238,-73.906738,10,11,3,0
58 Avenue & 69 Street,Signal Study,denied,40.72462,-73.89455,9,11,1,0
59 Drive & 60 Street,Signal Study,denied,40.71736,-73.9064,9,9,2,0
Flushing Avenue & 60 Street,Signal Study,denied,40.719334,-73.906845,9,13,1,0
Cooper Avenue,SRTS,denied,40.693437,-73.900032,9,10,1,0
59 Place,SRTS,denied,40.716261,-73.907436,9,10,4,0
81 Street,SRTS,denied,40.723486,-73.87684,9,11,0,0
Central Avenue,SRTS,denied,40.704607,-73.881148,9,9,2,0
73 Place,SRTS,denied,40.714323,-73.880561,9,11,4,0
60 Place,SRTS,denied,40.70767,-73.901049,9,9,2,0
61 Road,SRTS,denied,40.718182,-73.891997,9,22,0,0
81 Street,SRTS,denied,40.723486,-73.87684,9,11,0,0
Putnam Avenue,SRTS,denied,40.705772,-73.899963,9,10,4,0
57 Avenue & 74 Street,Signal Study,denied,40.72861,-73.88721,9,10,4,0
59 Drive,SRTS,denied,40.717363,-73.906392,9,9,2,0
Grove Street & 60 Place,Signal Study,denied,40.709633,-73.90223,9,10,1,0
59 Place,SRTS,denied,40.717381,-73.907683,9,10,1,0
Andrews Avenue,SRTS,denied,40.714455,-73.908275,9,10,4,0
Putnam Avenue,SRTS,denied,40.706018,-73.898945,9,10,4,0
Forest Avenue & Gates Avenue,Signal Study,denied,40.707804,-73.903624,9,9,5,0
65 Place,SRTS,denied,40.728076,-73.900272,9,9,1,0
60 Place & Grove Street,Signal Study,denied,40.709633,-73.90223,9,10,1,0
57 Avenue & 74 Street,Signal Study,denied,40.72861,-73.88721,9,10,4,0
69 Street & Juniper Valley Road,Signal Study,denied,40.72184062371875,-73.89068898306941,9,11,3,0
68 Street & 61 Road,Signal Study,denied,40.718182,-73.891997,9,22,0,0
69 Street & Juniper Valley Road,Signal Study,denied,40.72184062371875,-73.89068898306941,9,11,3,0
Cypress Hills Street,SRTS,denied,40.699394,-73.88867,9,11,1,0
81 Street,SRTS,denied,40.723486,-73.87684,9,11,0,0
Fairview Avenue,SRTS,denied,40.705924,-73.904514,9,9,2,0
Grove Street,SRTS,denied,40.70989,-73.901147,9,10,1,0
Eliot Avenue,SRTS,denied,40.726726,-73.875499,9,14,2,0
65 Place,SRTS,denied,40.728076,-73.900272,9,9,1,0
Gates Avenue,SRTS,denied,40.707804,-73.903624,9,9,5,0
Putnam Avenue & 60 Place,Signal Study,denied,40.705772,-73.89997,9,10,4,0
Putnam Avenue,SRTS,denied,40.705772,-73.899963,9,10,4,0
Grove Street,SRTS,denied,40.709636,-73.902222,9,10,1,0
Putnam Avenue & 60 Lane,Signal Study,denied,40.706017,-73.89896,9,10,4,0
62 Avenue & 56 Street,Signal Study,denied,40.714455,-73.908275,9,10,4,0
60 Road & 59 Place,Signal Study,denied,40.715538,-73.90725,9,10,5,0
84 Place & Penelope Avenue,Signal Study,denied,40.72201,-73.86907,9,10,3,0
Palmetto Street & 60 Place,Signal Study,approved,40.70767,-73.901054,9,9,2,0
Fairview Avenue & Palmetto Street,Signal Study,approved,40.70592,-73.90452,9,9,2,0
Putnam Avenue,SRTS,denied,40.706018,-73.898945,9,10,4,0
56 Street,SRTS,denied,40.714455,-73.908275,9,10,4,0
Metropolitan Avenue & 64 Street,Signal Study,denied,40.712555,-73.89711,9,10,0,0
82 Place & Penelope Avenue,Signal Study,denied,40.72238,-73.873753,9,17,1,0
56 Drive,SRTS,denied,40.723838,-73.906336,8,10,2,0
Stephen Street & Wyckoff Avenue,Signal Study,denied,40.695526,-73.903946,8,9,4,0
Gates Avenue & Grandview Avenue,Signal Study,denied,40.70755,-73.90404,8,8,5,0
73 Place,SRTS,denied,40.715053,-73.881151,8,9,4,0
60 Street & 56 Drive,Signal Study,denied,40.7238375,-73.90633700000001,8,10,2,0
Wyckoff Avenue & Cooper Avenue,Signal Study,denied,40.69335,-73.90041,8,9,1,0
65 Place,SRTS,denied,40.729018,-73.900242,8,8,1,0
61 Road,SRTS,denied,40.717574,-73.893322,8,21,0,0
Dana Court,SRTS,denied,40.722619,-73.869554,8,9,3,0
77 Avenue & 78 Street,Signal Study,denied,40.70652,-73.87322,8,9,1,0
Woodhaven Boulevard & Dana Court,Signal Study,denied,40.722619,-73.869554,8,9,3,0
60 Place,SRTS,denied,40.698511,-73.895779,8,10,0,0
69 Lane,SRTS,denied,40.722509,-73.890421,8,10,3,0
Myrtle Avenue,SRTS,denied,40.701402,-73.887401,8,8,4,0
59 Drive & Mt Olivet Crescent,Signal Study,denied,40.7180192187358,-73.90033759153769,8,12,1,0
68 Avenue & 64 Street,Signal Study,denied,40.705734,-73.89449,8,8,3,0
75 Avenue & 60 Place,Signal Study,denied,40.698405,-73.896663,8,8,0,0
84 Street & 63 Avenue,Signal Study,denied,40.72349,-73.87136,8,10,1,0
Gates Avenue & Grandview Avenue,Signal Study,approved,40.70755,-73.90404,8,8,5,0
Central Avenue,SRTS,denied,40.70502,-73.879431,8,8,2,0
77 Avenue,SRTS,denied,40.70652,-73.873214,8,9,1,0
51 Road & 69 Street,Signal Study,denied,40.734257,-73.89603,8,9,1,0
71 Street,SRTS,denied,40.717524,-73.884228,8,9,3,0
Juniper Boulevard South & 71 Street,Signal Study,denied,40.71752,-73.88423,8,9,3,0
65 Place,SRTS,denied,40.703971,-73.890408,8,9,0,0
60 Street & 60 Drive,Signal Study,denied,40.715068,-73.905868,8,9,5,0
60 Street & 56 Drive,Signal Study,denied,40.7238375,-73.90633700000001,8,10,2,0
Cooper Avenue,SRTS,denied,40.693352,-73.900403,8,9,1,0
69 Lane,SRTS,denied,40.722509,-73.890421,8,10,3,0
70 Avenue & 65 Place,Signal Study,denied,40.703968,-73.89041,8,9,0,0
75 Avenue,SRTS,denied,40.698511,-73.895779,8,10,0,0
56 Road & 60 Street,Signal Study,approved,40.72452,-73.90626,8,10,2,0
Dana Court & 84 Place,Signal Study,denied,40.722619,-73.869554,8,9,3,0
Mt Oliver Crescent,SRTS,denied,40.71802,-73.900338,8,12,1,0
Cooper Avenue & 60 Street,Signal Study,denied,40.69513,-73.895615,8,8,3,0
60 Avenue & 69 Lane,Signal Study,approved,40.722507,-73.89043,8,10,3,0
Eliot Avenue & 71 Street,Signal Study,denied,40.72128,-73.887245,8,13,1,0
65 Place,SRTS,denied,40.729018,-73.900242,8,8,1,0
67 Street,SRTS,denied,40.701508,-73.88607,8,8,3,0
66 Place,SRTS,denied,40.701432,-73.887,8,8,4,0
Myrtle Avenue,SRTS,denied,40.701432,-73.887,8,8,4,0
75 Avenue,SRTS,denied,40.698405,-73.896663,8,8,0,0
Willoughby Avenue,SRTS,denied,40.709851,-73.91714,8,12,2,0
73 Place & 66 Road,Signal Study,denied,40.715053,-73.881151,8,9,4,0
72 Street & Central Avenue,Signal Study,denied,40.705017,-73.87944,8,8,2,0
76 Street,SRTS,denied,40.706729,-73.874241,8,9,1,0
65 Street,SRTS,denied,40.704846,-73.89213,7,7,3,0
69 Place & 65 Drive,Signal Study,denied,40.715369,-73.88653999999998,7,9,1,0
Flushing Avenue & 56 Street,Signal Study,denied,40.716404,-73.911959,7,18,2,0
Menahan Street & 60 Place,Signal Study,denied,40.710445,-73.902655,7,8,1,0
Cypress Hills Street,SRTS,approved,40.696669,-73.88681,7,10,0,0
61 Street & 56 Drive,Signal Study,denied,40.723705,-73.90446,7,10,4,0
Metropolitan Avenue & Admiral Avenue,Signal Study,denied,40.71258,-73.897684,7,8,0,0
Otto Road,SRTS,denied,40.704972,-73.889843,7,8,0,0
56 Drive,SRTS,denied,40.723707,-73.904449,7,10,4,0
Menahan Street,SRTS,denied,40.710446,-73.90265,7,8,1,0
Myrtle Avenue,SRTS,denied,40.701478,-73.886484,7,7,3,0
Juniper Boulevard North & 80 Street,Signal Study,denied,40.721592,-73.87647,7,7,2,1
Penelope Avenue & 69 Place,Signal Study,denied,40.716017,-73.886351,7,9,1,0
Juniper Boulevard North,SRTS,denied,40.721595,-73.876464,7,7,2,1
Queens Midtown Expressway Sr S,SRTS,denied,40.725596,-73.90178,7,9,0,0
65 Drive & 70 Street,Signal Study,approved,40.715369,-73.88653999999998,7,9,1,0
Menahan Street,SRTS,denied,40.703435,-73.911807,7,10,1,0
Penelope Avenue,SRTS,denied,40.716017,-73.886351,7,9,1,0
70 Street,SRTS,denied,40.722882,-73.889619,7,8,2,0
67 Street & Eliot Avenue,Signal Study,denied,40.718204,-73.89377,7,20,0,0
75 Avenue,SRTS,denied,40.698666,-73.893936,7,10,1,0
Eliot Avenue,SRTS,denied,40.718206,-73.893757,7,20,0,0
59 Road & 60 Lane,Signal Study,denied,40.71839,-73.90417,7,9,0,0
Juniper Boulevard South & 69 Place,Signal Study,denied,40.716393,-73.886665,7,9,1,0
65 Street & Catalpa Avenue,Signal Study,denied,40.704845,-73.892136,7,7,3,0
60 Place,SRTS,denied,40.706357,-73.900268,7,8,3,0
66 Street & 53 Avenue,Signal Study,denied,40.731358,-73.89918,7,9,2,0
60 Place & Madison Street,Signal Study,approved,40.706356,-73.900276,7,8,3,0
60 Avenue & 71 Street,Signal Study,denied,40.72325,-73.888824,7,9,2,0
78 Avenue & 62 Street,Signal Study,denied,40.696936,-73.892598,7,13,0,0
61 Street,SRTS,denied,40.698666,-73.893936,7,10,1,0
Penelope Avenue & 72 Street,Signal Study,denied,40.716187,-73.884111,7,9,1,0
64 Street,SRTS,denied,40.725596,-73.90178,7,9,0,0
68 Place & 70 Avenue,Signal Study,denied,40.705204,-73.885185,7,9,1,0
Catalpa Avenue & 65 Street,Signal Study,denied,40.704845,-73.892136,7,7,3,0
58 Avenue & 81 Street,Signal Study,denied,40.727367,-73.87995,7,10,0,0
70 Street,SRTS,denied,40.713962,-73.885092,7,17,1,0
Norman Street,SRTS,denied,40.69832,-73.9001,7,13,0,0
61 Street,SRTS,denied,40.698666,-73.893936,7,10,1,0
74 Street,SRTS,approved,40.715245,-73.880206,7,8,4,0
65 Street & Shaler Avenue,Signal Study,approved,40.704846,-73.89212999999998,7,7,3,0
60 Avenue & 71 Street,Signal Study,denied,40.72325,-73.888824,7,9,2,0
81 Street,SRTS,denied,40.727368,-73.879946,7,10,0,0
Myrtle Avenue,SRTS,denied,40.701356,-73.887931,7,7,4,0
81 Street & 58 Avenue,Signal Study,denied,40.727367,-73.87995,7,10,0,0
Woodward Avenue & Stockholm Street,Signal Study,denied,40.709219,-73.913033,7,7,0,0
68 Place,SRTS,denied,40.705207,-73.885176,7,9,1,0
Caldwell Avenue,SRTS,denied,40.724946,-73.890175,6,6,1,0
59 Street,SRTS,denied,40.720461,-73.908303,6,7,1,0
Myrtle Avenue,SRTS,denied,40.701277,-73.888861,6,8,2,0
Myrtle Avenue,SRTS,approved,40.703182,-73.865639,6,7,2,0
58 Avenue,SRTS,denied,40.721084,-73.908342,6,7,1,0
69 Lane,SRTS,denied,40.724256,-73.891818,6,7,0,0
Eliot Avenue & 84 Street,Signal Study,denied,40.72709,-73.87472,6,9,1,0
Palmetto Street & 64 Street,Signal Study,denied,40.708942,-73.895872,6,9,0,0
Fresh Pond Road & 60 Road,Signal Study,denied,40.716143,-73.901585,6,7,1,0
72 Street,SRTS,denied,40.723624,-73.888016,6,7,2,0
69 Lane,SRTS,denied,40.724256,-73.891818,6,7,0,0
Eliot Avenue & 84 Street,Signal Study,denied,40.72709,-73.87472,6,9,1,0
60 Road,SRTS,denied,40.716143,-73.901585,6,7,1,0
St Felix Avenue & 60 Street,Signal Study,denied,40.696482,-73.897564,6,7,3,0
Fairview Avenue,SRTS,denied,40.709868,-73.911178,6,8,2,0
Grandview Avenue,SRTS,denied,40.709745,-73.907741,6,7,3,0
78 Street & 69 Road,Signal Study,denied,40.708946,-73.87451,6,6,2,0
66 Road & 78 Street,Signal Study,denied,40.714589,-73.87529,6,7,1,0
Stanhope Street & Fairview Avenue,Signal Study,approved,40.709868,-73.911185,6,8,2,0
Caldwell Avenue & 71 Street,Signal Study,denied,40.7249241488426,-73.89030478755059,6,6,1,0
St Felix Avenue,SRTS,denied,40.696482,-73.897564,6,7,3,0
77 Street & 62 Avenue,Signal Study,denied,40.72605634929975,-73.8744731422483,6,9,2,0
Pleasant View Street,SRTS,denied,40.714838,-73.882389,6,11,2,0
64 Street,SRTS,denied,40.725105,-73.901795,6,8,0,0
56 Road,SRTS,denied,40.724391,-73.904369,6,9,3,0
69 Street & 53 Road,Signal Study,denied,40.73037303589712,-73.89340819721393,6,7,3,0
67 Drive & 78 Street,Signal Study,denied,40.71171,-73.8754,6,8,2,0
Greene Avenue,SRTS,denied,40.710258,-73.907217,6,7,4,0
Putnam Avenue,SRTS,denied,40.705518,-73.900836,6,8,2,0
69 Lane,SRTS,denied,40.724256,-73.891818,6,7,0,0
Fresh Pond Road & 60 Road,Signal Study,denied,40.716143,-73.901585,6,7,1,0
63 Street & 59 Avenue,Signal Study,denied,40.719692,-73.90158,6,7,0,0
Otto Road,SRTS,denied,40.706123,-73.884597,6,7,1,0
Juniper Valley Road & 75 Street,Signal Study,denied,40.715482,-73.8793,6,7,3,0
Putnam Avenue,SRTS,denied,40.705518,-73.900836,6,8,2,0
59 Street & 58 Drive,Signal Study,denied,40.720461,-73.908303,6,7,1,0
59 Drive,SRTS,denied,40.717587,-73.904862,6,9,1,0
Edsall Avenue,SRTS,denied,40.706541,-73.87515,6,10,1,0
69 Road,SRTS,denied,40.708948,-73.874507,6,6,2,0
Butler Avenue,SRTS,denied,40.710258,-73.907217,6,7,4,0
Fresh Pond Road & 60 Road,Signal Study,denied,40.716143,-73.901585,6,7,1,0
Woodbine Street,SRTS,denied,40.708266,-73.895577,6,7,3,0
63 Street,SRTS,denied,40.719692,-73.90158,6,7,0,0
78 Street,SRTS,denied,40.708948,-73.874507,6,6,2,0
Traffic Avenue,SRTS,denied,40.709825,-73.895354,6,9,1,0
59 Avenue,SRTS,denied,40.719692,-73.90158,6,7,0,0
Eliot Avenue,SRTS,denied,40.727091,-73.874708,6,9,1,0
Edsall Avenue & 75 Street,Signal Study,denied,40.706541,-73.87515,6,10,1,0
59 Street & 56 Drive,Signal Study,denied,40.723995,-73.90864,6,8,1,0
69 Road,SRTS,denied,40.708693,-73.87537,6,6,2,0
Andrews Avenue,SRTS,denied,40.715314,-73.907484,6,7,4,0
69 Street & Long Island Expressway,Signal Study,denied,40.73288011770822,-73.89420718490693,5,5,2,0
52 Drive & 70 Street,Signal Study,denied,40.732248,-73.893955,5,6,1,0
Pleasant View Street,SRTS,denied,40.714146,-73.882343,5,7,1,0
52 Road,SRTS,denied,40.732942,-73.899103,5,7,0,0
78 Street,SRTS,denied,40.704628,-73.872442,5,8,1,0
Central Avenue,SRTS,denied,40.704815,-73.880286,5,5,0,0
60 Lane,SRTS,denied,40.704607,-73.898244,5,5,2,0
63 Avenue & 83 Place,Signal Study,denied,40.72312,-73.87216,5,7,1,0
52 Road & 66 Street,Signal Study,denied,40.73294,-73.89911,5,7,0,0
Cooper Avenue,SRTS,denied,40.703522,-73.877872,5,8,1,0
55 Street,SRTS,denied,40.71519,-73.911052,5,13,0,0
66 Road & 71 Street,Signal Study,denied,40.71395,-73.884209,5,12,1,0
Greene Avenue,SRTS,denied,40.710156,-73.907329,5,6,4,0
Pleasantview Street,SRTS,denied,40.714146,-73.882343,5,7,1,0
Maspeth Avenue & Maurice Avenue,Signal Study,denied,40.723238,-73.91257250000001,5,5,0,0
60 Avenue & 60 Lane,Signal Study,denied,40.716746,-73.903698,5,7,1,0
78 Avenue & 60 Street,Signal Study,denied,40.69609,-73.89632,5,5,1,0
69 Avenue,SRTS,denied,40.70977,-73.873334,5,5,2,0
Greene Avenue,SRTS,denied,40.710156,-73.907329,5,6,4,0
72 Place & Cooper Avenue,Signal Study,denied,40.70352,-73.877875,5,8,1,0
70 Street,SRTS,denied,40.732248,-73.893955,5,6,1,0
Caldwell Avenue & 69 Lane,Signal Study,denied,40.724839,-73.892293,5,6,0,0
60 Lane,SRTS,denied,40.704019,-73.897946,5,5,2,0
69 Lane,SRTS,denied,40.726025,-73.893236,5,6,1,0
68 Avenue,SRTS,denied,40.704607,-73.898244,5,5,2,0
73 Place,SRTS,denied,40.710484,-73.87893,5,6,3,0
75 Street,SRTS,denied,40.709584,-73.876811,5,5,1,0
71 Place,SRTS,denied,40.704815,-73.880286,5,5,0,0
Juniper Valley Road & 77 Place,Signal Study,denied,40.71567,-73.87626,5,6,1,0
78 Avenue,SRTS,denied,40.696094,-73.89631,5,5,1,0
Cooper Avenue & 67 Street,Signal Study,denied,40.699963,-73.88585,5,7,0,0
70 Avenue & 60 Lane,Signal Study,denied,40.702076,-73.89698,5,5,1,0
78 Avenue & 60 Street,Signal Study,denied,40.69609,-73.89632,5,5,1,0
82 Street,SRTS,denied,40.723859,-73.876042,5,6,1,0
69 Lane,SRTS,denied,40.725077,-73.89248,5,6,0,0
Myrtle Avenue,SRTS,denied,40.70132,-73.888353,5,6,2,0
69 Road,SRTS,denied,40.708184,-73.877041,5,8,2,0
69 Lane,SRTS,denied,40.724839,-73.892293,5,6,0,0
Furmanville Avenue & 79 Street,Signal Study,approved,40.7175725,-73.8744025,5,5,0,0
58 Avenue,SRTS,denied,40.721001,-73.910561,5,5,0,0
69 Lane,SRTS,denied,40.725077,-73.89248,5,6,0,0
69 Street & Long Island Expressway,Signal Study,denied,40.73288011770822,-73.89420718490693,5,5,2,0
Dry Harbor Road & Furmanville Avenue,Signal Study,denied,40.716160233060826,-73.88138506979227,5,6,4,0
59 Drive,SRTS,denied,40.717721,-73.903971,5,8,0,0
79 Street & 68 Road,Signal Study,denied,40.710453,-73.87339,5,5,1,0
76 Street & 78 Avenue,Signal Study,denied,40.70455,-73.873355,4,7,1,0
69 Road & 73 Place,Signal Study,denied,40.70796,-73.877785,4,7,1,0
68 Avenue,SRTS,denied,40.705956,-73.893593,4,4,1,0
63 Street,SRTS,denied,40.719547,-73.90154,4,5,0,0
Decatur Street,SRTS,denied,40.697435,-73.898601,4,5,3,0
68 Avenue,SRTS,denied,40.711015,-73.875355,4,4,1,0
Caldwell Avenue,SRTS,denied,40.724639,-73.887076,4,5,2,0
Caldwell Avenue,SRTS,denied,40.724819,-73.888974,4,4,1,0
69 Street & 62 Avenue,Signal Study,denied,40.717617,-73.88954,4,7,2,0
72 Street & Caldwell Avenue,Signal Study,denied,40.72482,-73.888985,4,4,1,0
Putnam Avenue,SRTS,denied,40.698256,-73.908774,4,4,3,0
Otto Road,SRTS,denied,40.705811,-73.888262,4,4,0,0
Juniper Boulevard North,SRTS,denied,40.721416,-73.881306,4,4,1,0
69 Street & 62 Avenue,Signal Study,denied,40.717617,-73.88954,4,7,2,0
69 Road & 74 Street,Signal Study,denied,40.70796,-73.877777,4,7,1,0
69 Road,SRTS,denied,40.708439,-73.876204,4,7,2,0
Otto Road,SRTS,denied,40.705811,-73.888262,4,4,0,0
69 Road & 76 Street,Signal Study,denied,40.708439,-73.876204,4,7,2,0
69 Road,SRTS,denied,40.70796,-73.877777,4,7,1,0
69 Avenue & 73 Place,Signal Study,denied,40.709814,-73.87853099999998,4,4,1,0
69 Avenue,SRTS,denied,40.702745,-73.897313,4,4,1,0
63 Street,SRTS,denied,40.719547,-73.90154,4,5,0,0
78 Street & 68 Avenue,Signal Study,denied,40.711015,-73.875355,4,4,1,0
69 Road & 75 Street,Signal Study,denied,40.70844,-73.87621,4,7,2,0
Mazeau Street & Queens Midtown Expressway,Signal Study,denied,40.726981372775455,-73.88825085688839,4,5,1,0
72 Place & 53 Road,Signal Study,denied,40.7308484188404,-73.8914460268618,4,6,1,0
Borden Avenue & 69 Street,Signal Study,denied,40.72371262222595,-73.89128557459745,4,5,0,0
73 Place,SRTS,denied,40.709814,-73.878531,4,4,1,0
58 Avenue & 69 Lane,Signal Study,denied,40.72603245689385,-73.89294966706467,4,4,0,0
79 Street & 78 Avenue,Signal Study,denied,40.704704,-73.87154,4,6,0,0
Cooper Avenue & 61 Street,Signal Study,approved,40.696912,-73.893564,4,5,1,0
Cooper Avenue & 66 Street,Signal Study,denied,40.699678,-73.887714,4,4,0,0
62 Avenue & 69 Place,Signal Study,denied,40.718254,-73.8881475,4,7,2,0
63 Street & 59 Drive,Signal Study,denied,40.719547,-73.90154,4,5,0,0
57 Road & 59 Street,Signal Study,approved,40.722373,-73.910645,4,4,1,0
Otto Road,SRTS,denied,40.705811,-73.888262,4,4,0,0
69 Street & Borden Avenue,Signal Study,denied,40.723712622225975,-73.89128557459745,4,5,0,0
62 Avenue,SRTS,denied,40.718255,-73.888144,4,7,2,0
Otto Road & 68 Place,Signal Study,denied,40.706154,-73.88555,4,5,1,0
68 Avenue & 64 Place,Signal Study,denied,40.705956,-73.8936,4,4,1,0
Jefferson Avenue,SRTS,denied,40.697572,-73.90757,4,5,1,0
Otto Road,SRTS,denied,40.706154,-73.885549,4,5,1,0
60 Lane,SRTS,denied,40.703415,-73.897647,4,4,1,0
Queens Midtown Expressway & 73 Place,Signal Study,denied,40.7271691486146,-73.88727206550593,4,6,2,0
Penelope Avenue,SRTS,denied,40.716172,-73.882379,3,3,0,0
68 Avenue,SRTS,denied,40.706177,-73.892702,3,3,1,0
70 Street,SRTS,denied,40.733596,-73.894065,3,5,2,0
78 Street & Juniper Boulevard South,Signal Study,denied,40.71979,-73.877266,3,4,0,0
Juniper Boulevard North,SRTS,denied,40.721378,-73.881844,3,3,1,0
74 Street,SRTS,denied,40.718272,-73.882628,3,3,2,0
69 Lane & Long Island Expressway,Signal Study,denied,40.73248713329137,-73.89772588651475,3,3,0,0
77 Avenue,SRTS,denied,40.706315,-73.87408,3,3,1,0
76 Street,SRTS,denied,40.723136,-73.883237,3,4,2,0
69 Lane & Long Island Expressway,Signal Study,approved,40.73248713329137,-73.89772588651475,3,3,0,0
69 Lane & Long Island Expressway,Signal Study,approved,40.73248713329137,-73.89772588651475,3,3,0,0
74 Street & 58 Avenue,Signal Study,denied,40.726143,-73.88714,3,5,2,0
69 Place & Queens Midtown Expressway,Signal Study,denied,40.72618992958762,-73.89237629589852,3,3,0,0
78 Avenue,SRTS,denied,40.704473,-73.874307,3,5,1,0
62 Avenue,SRTS,denied,40.718631,-73.887314,3,3,2,0
73 Place & 67 Drive,Signal Study,denied,40.711163,-73.87907,3,4,4,0
69 Lane & Long Island Expressway,Signal Study,approved,40.73248713329137,-73.89772588651475,3,3,0,0
77 Avenue & 88 Street,Signal Study,denied,40.7064593049998,-73.8615312271111,3,5,3,0
53 Avenue & 62 Street,Signal Study,denied,40.73172,-73.901767,3,3,1,0
64 Street,SRTS,denied,40.724902,-73.901803,3,4,0,0
Penelope Avenue,SRTS,denied,40.718641,-73.876336,3,4,0,0
75 Street & 78 Avenue,Signal Study,approved,40.704473,-73.874307,3,5,1,0
76 Street & Juniper Boulevard North,Signal Study,denied,40.72138,-73.88185,3,3,1,0
69 Place,SRTS,denied,40.718871,-73.888637,3,3,2,0
78 Street & Furmanville Avenue,Signal Study,denied,40.71745,-73.875374,3,3,0,0
58 Road & 69 Lane,Signal Study,denied,40.72583856349958,-73.89280619319487,3,3,0,0
79 Place,SRTS,denied,40.704898,-73.870667,3,4,0,0
75 Avenue,SRTS,denied,40.69859,-73.894849,3,5,0,0
62 Street,SRTS,denied,40.73172,-73.901764,3,3,1,0
Juniper Boulevard North & 76 Street,Signal Study,denied,40.72138,-73.88185,3,3,1,0
88 Street & 77 Avenue,Signal Study,denied,40.7064593049998,-73.8615312271111,3,5,3,0
69 Place & Queens Midtown Expressway,Signal Study,denied,40.72618992958762,-73.89237629589852,3,3,0,0
Eliot Avenue & 76 Street,Signal Study,denied,40.723136,-73.883237,3,4,2,0
74 Avenue,SRTS,denied,40.708331,-73.863042,3,3,1,0
73 Place,SRTS,denied,40.711162,-73.87907,3,4,4,0
77 Avenue & 76 Street,Signal Study,denied,40.706315,-73.87408,3,3,1,0
Rust Street & Flushing Avenue,Signal Study,denied,40.71677820600362,-73.9090663474871,3,3,2,0
85 Street,SRTS,denied,40.705722,-73.864137,3,3,0,0
76 Street,SRTS,denied,40.706315,-73.87408,3,3,1,0
75 Street,SRTS,denied,40.710128,-73.877041,3,3,0,0
75 Street,SRTS,denied,40.704473,-73.874307,3,5,1,0
87 Street,SRTS,denied,40.705832,-73.862265,2,2,0,0
Otto Road,SRTS,denied,40.706226,-73.886527,2,3,0,0
76 Avenue,SRTS,denied,40.707377,-73.862283,2,2,0,0
76 Street & 58 Avenue,Signal Study,denied,40.726478,-73.884475,2,3,3,0
67 Street & Otto Road,Signal Study,denied,40.7056,-73.889118,2,2,0,0
52 Road,SRTS,denied,40.732924,-73.897919,2,2,0,0
52 Road & 67 Street,Signal Study,denied,40.732924,-73.897919,2,2,0,0
Penelope Avenue & 79 Street,Signal Study,approved,40.716185,-73.88164,2,2,1,0
78 Avenue & 87 Street,Signal Study,approved,40.705832,-73.862265,2,2,0,0
52 Court & 74 Street,Signal Study,denied,40.731895,-73.88826,2,2,1,0
77 Avenue,SRTS,denied,40.706701,-73.863327,2,2,0,0
61 Street & St Felix Avenue,Signal Study,approved,40.697061,-73.894631,2,2,1,0
Penelope Avenue,SRTS,denied,40.718269,-73.877141,2,2,0,0
Otto Road,SRTS,denied,40.706226,-73.886527,2,3,0,0
60 Lane & St Felix Avenue,Signal Study,approved,40.697061,-73.894631,2,2,1,0
64 Street,SRTS,denied,40.720743,-73.900914,2,2,0,0
65 Place,SRTS,denied,40.706399,-73.891814,2,2,1,0
65 Place,SRTS,denied,40.707201,-73.892155,2,3,0,0
77 Avenue & 87 Street,Signal Study,denied,40.706707926767,-73.86286162702419,2,2,0,0
Otto Road,SRTS,denied,40.7056,-73.889118,2,2,0,0
74 Street,SRTS,approved,40.717917,-73.882355,2,2,2,0
76 Street,SRTS,denied,40.726478,-73.884475,2,3,3,0
60 Lane,SRTS,denied,40.715398,-73.903328,2,2,1,0
Otto Road,SRTS,denied,40.7056,-73.889118,2,2,0,0
Cooper Avenue & 60 Lane,Signal Study,denied,40.6965692144966,-73.8945563503407,2,2,1,0
86 Street,SRTS,denied,40.705775,-73.863199,2,2,0,0
81 Street,SRTS,denied,40.728415,-73.880778,2,2,0,0
75 Street,SRTS,denied,40.70895,-73.876477,2,2,1,0
58 Road & 64 Street,Signal Study,denied,40.720743,-73.900914,2,2,0,0
64 Street,SRTS,denied,40.720743,-73.900914,2,2,0,0
77 Avenue,SRTS,denied,40.706716,-73.862389,2,2,0,0
72 Street,SRTS,denied,40.733682,-73.892131,2,5,0,0
66 Place,SRTS,denied,40.7056,-73.889118,2,2,0,0
Cooper Avenue & 60 Lane,Signal Study,approved,40.6965692144966,-73.8945563503407,2,2,1,0
78 Avenue,SRTS,denied,40.704215,-73.876161,1,1,1,0
52 Avenue,SRTS,denied,40.733605,-73.897893,1,1,0,0
73 Place,SRTS,denied,40.704215,-73.876161,1,1,1,0
Pleasant View Street & Penelope Avenue,Signal Study,denied,40.71637375498335,-73.8824929995786,1,1,0,0
76 Street,SRTS,denied,40.725569,-73.8843,1,1,1,0
Otto Road,SRTS,denied,40.706018,-73.887396,1,1,0,0
62 Road,SRTS,denied,40.717021,-73.888987,1,4,0,0
80 Avenue,SRTS,denied,40.695257,-73.893888,1,1,0,0
Traffic Avenue,SRTS,denied,40.710298,-73.896461,1,2,0,0
78 Avenue & 74 Street,Signal Study,approved,40.704215,-73.876161,1,1,1,0
77 Avenue,SRTS,denied,40.706685,-73.864268,1,1,0,0
69 Street & 52 Avenue,Signal Study,approved,40.733605,-73.897893,1,1,0,0
Otto Road & 68 Street,Signal Study,denied,40.706018,-73.88739599999998,1,1,0,0
74 Street & Calamus Avenue,Signal Study,denied,40.73437626541044,-73.88953953143351,1,1,0,0
Mt Oliver Crescent,SRTS,denied,40.717967,-73.900049,1,1,0,0
77 Avenue & 86 Street,Signal Study,denied,40.706685,-73.86426799999998,1,1,0,0
77 Avenue & 83 Street,Signal Study,denied,40.706649167493296,-73.866580375248,1,1,0,0
52 Court,SRTS,denied,40.731959,-73.890477,1,1,0,0
59 Avenue & 64 Street,Signal Study,denied,40.719765,-73.900635,1,1,0,0
59 Avenue,SRTS,denied,40.719765,-73.900627,1,1,0,0
52 Avenue & 74 Street,Signal Study,denied,40.733852,-73.88845,1,1,0,0
77 Avenue,SRTS,denied,40.706642,-73.867038,1,1,0,0
76 Street & 60 Road,Signal Study,denied,40.71487910247034,-73.9170547061539,1,1,0,0
Otto Road,SRTS,denied,40.706018,-73.887396,1,1,0,0
Caldwell Avenue & 76 Street,Signal Study,denied,40.7247871573391,-73.88493300424899,1,1,1,0
Mount Olivet Crescent,SRTS,denied,40.714818,-73.896284,1,1,0,0
77 Avenue & 85 Street,Signal Study,denied,40.706685,-73.86426799999998,1,1,0,0
77 Avenue & 82 Street,Signal Study,denied,40.7066414632302,-73.86703845623569,1,1,0,0
75 Street,SRTS,denied,40.710735,-73.877184,1,1,0,0
Otto Road,SRTS,denied,40.706018,-73.887396,1,1,0,0
53 Drive & 67 Street,Signal Study,denied,40.729603,-73.89784,1,1,0,0
54 Avenue & 61 Street,Signal Study,denied,40.72784,-73.904076,1,1,0,0
74 Street & Long Island Expressway,Signal Study,denied,40.73325234109461,-73.89087437329368,1,1,0,0
80 Avenue,SRTS,denied,40.695469,-73.892016,0,0,0,0
79 Place,SRTS,denied,40.706262,-73.871219,0,0,0,0
77 Avenue,SRTS,denied,40.706657,-73.86613,0,0,0,0
80 Avenue,SRTS,denied,40.695492,-73.893004,0,0,0,0
77 Avenue,SRTS,denied,40.706657,-73.86613,0,0,0,0
78 Avenue,SRTS,denied,40.704392,-73.875255,0,0,0,0
64 Street,SRTS,denied,40.724216,-73.901815,0,0,0,0
64 Street,SRTS,denied,40.724216,-73.901815,0,0,0,0
84 Street & 78 Avenue,Signal Study,approved,40.70667,-73.865206,0,0,0,0
61 Drive,SRTS,denied,40.71667,-73.892692,0,0,0,0
79 Place,SRTS,denied,40.706798,-73.871442,0,0,0,0
77 Avenue,SRTS,denied,40.70667,-73.865206,0,0,0,0
Cody Avenue & Wyckoff Avenue,Signal Study,denied,40.68692617586851,-73.88898363304652,0,0,0,0
Woodhaven Boulevard & Furmanville Avenue,Signal Study,denied,40.719641,-73.867168,0,0,0,0
Traffic Avenue,SRTS,denied,40.710774,-73.897575,0,0,0,0
78 Avenue & 84 Street,Signal Study,denied,40.70667,-73.865206,0,0,0,0
